<?xml version="1.0" encoding="UTF-8"?>

<beans xmlns="http://www.springframework.org/schema/beans"
    xmlns:xsi="http://www.w3.org/2001/XMLSchema-instance"
    xsi:schemaLocation="
        http://www.springframework.org/schema/beans http://www.springframework.org/schema/beans/spring-beans.xsd">

    <!-- ****** Setter DI ****** -->
    
 <bean class="com.spring.learning.day1session2.Battery" id="btryId">
 <property name="rechargeable" value="true"></property>
 </bean>
  
  <bean class="com.spring.learning.day1session2.Disc" id="disId">
 <property name="capacity" value="250"></property>
 </bean>
</beans>