<?xml version="1.0" encoding="UTF-8"?>

<beans xmlns="http://www.springframework.org/schema/beans"
    xmlns:xsi="http://www.w3.org/2001/XMLSchema-instance"
    xsi:schemaLocation="
        http://www.springframework.org/schema/beans http://www.springframework.org/schema/beans/spring-beans.xsd">

    <!-- ****** Constructor DI ****** -->
    
 <bean class="com.spring.learning.day1session1.Battery" id="btryId">
 <constructor-arg value = "101"></constructor-arg>
 <constructor-arg value = "battery"></constructor-arg>
 <constructor-arg value = "3000"></constructor-arg>
 <constructor-arg value = "true"></constructor-arg>
 
 </bean>
  
  <bean class="com.spring.learning.day1session1.Disc" id="disId">
 <constructor-arg value = "102"></constructor-arg>
 <constructor-arg value = "disc"></constructor-arg>
 <constructor-arg value = "2000"></constructor-arg>
 <constructor-arg value = "200"></constructor-arg>
 </bean>
</beans>